{
    "Ar36": {
        "error": 0.0060872394601141225, 
        "fit": "parabolic", 
        "value": 0.26800242007636144
    }, 
    "Ar37": {
        "error": 0.27651353362728809, 
        "fit": "linear", 
        "value": 4.459495638713868
    }, 
    "Ar38": {
        "error": 0.10930812584044888, 
        "fit": "linear", 
        "value": 0.1768101786221247
    }, 
    "Ar39": {
        "error": 0.058575431060135325, 
        "fit": "parabolic", 
        "value": 0.78561623360701316
    }, 
    "Ar40": {
        "error": 0.1604984822988984, 
        "fit": "parabolic", 
        "value": 80.131798647491578
    }, 
    "Ar41": {
        "error": 0.11329192165307203, 
        "fit": "average_SEM", 
        "value": 0.11737246636330383
    }
}